2024-04-21,2024-04-21 08:46:56,2024-04-21 09:00:03
2024-04-21,2024-04-21 09:26:04,2024-04-21 09:31:05
2024-04-21,2024-04-21 14:48:25,2024-04-21 14:53:25
2024-04-21,2024-04-21 16:45:46,2024-04-21 17:49:03
2024-04-22,2024-04-22 23:26:59,2024-04-22 18:19:33
2024-04-22,2024-04-22 23:27:50,2024-04-22 18:19:33
2024-04-22,2024-04-22 23:28:16,2024-04-22 18:19:33
2024-04-22,2024-04-22 23:29:30,2024-04-22 18:19:33
2024-04-22,2024-04-22 23:46:59,2024-04-22 18:19:33
2024-04-22,2024-04-22 23:49:00,2024-04-22 18:19:33
2024-04-23,2024-04-23 22:36:50,2024-04-23 22:36:50
2024-04-23,2024-04-23 22:37:10,2024-04-23 22:37:10
2024-04-23,2024-04-23 22:37:46,2024-04-23 22:37:46
2024-04-23,2024-04-23 22:38:37,2024-04-23 22:38:39
2024-04-23,2024-04-23 22:42:15,2024-04-23 22:42:29
2024-04-23,2024-04-23 22:43:52,2024-04-23 22:46:06
2024-04-23,2024-04-23 22:48:27,2024-04-23 22:51:35
2024-04-26,2024-04-26 11:30:28,2024-04-26 16:22:20
2024-04-26,2024-04-26 16:33:49,2024-04-26 16:33:49
2024-04-27,2024-04-27 10:23:40,2024-04-27 10:36:09
2024-04-27,2024-04-27 11:23:21,2024-04-27 15:10:54
2024-04-27,2024-04-27 18:14:57,2024-04-27 18:14:57
2024-04-28,2024-04-28 16:08:07,2024-04-28 17:11:13
2024-05-02 00:00:00,2024-05-02 00:32:12,2024-05-02 00:32:12
2024-05-01,2024-05-01 11:39:08,2024-05-01 11:52:46
2024-05-01,2024-05-01 12:16:57,2024-05-01 13:50:23
2024-05-01,2024-05-01 14:07:19,2024-05-01 14:52:31
2024-05-01,2024-05-01 16:23:55,2024-05-01 16:48:01
2024-05-01,2024-05-01 17:02:53,2024-05-01 17:18:00
2024-05-02,2024-05-02 07:16:27,2024-05-02 09:40:48
2024-05-02,2024-05-02 13:21:45,2024-05-02 17:28:40
2024-05-03,2024-05-03 09:03:22,2024-05-03 14:45:02
2024-05-03,2024-05-03 15:34:54,2024-05-03 15:35:38
2024-05-03,2024-05-03 21:01:46,2024-05-03 22:07:55
2024-05-04,2024-05-04 11:00:21,2024-05-04 13:42:45
2024-05-05,2024-05-05 07:54:03,2024-05-05 08:00:04
2024-05-05,2024-05-05 11:55:26,2024-05-05 13:25:33
2024-05-05,2024-05-05 13:46:52,2024-05-05 13:58:53
2024-05-05,2024-05-05 14:09:29,2024-05-05 14:51:33
2024-05-06,2024-05-06 11:58:58,2024-05-06 12:11:00
2024-05-06,2024-05-06 12:31:16,2024-05-06 16:38:26
2024-05-07,2024-05-07 10:35:44,2024-05-07 12:05:52
2024-05-08,2024-05-08 22:54:52,2024-05-08 22:57:53
2024-05-09,2024-05-09 09:44:16,2024-05-09 14:35:42
2024-05-09,2024-05-09 16:05:36,2024-05-09 17:05:42
2024-05-10,2024-05-10 18:51:32,2024-05-10 20:06:42
2024-05-10,2024-05-10 20:36:59,2024-05-10 21:40:07
2024-05-11,2024-05-11 05:32:06,2024-05-11 06:23:17
2024-05-11,2024-05-11 19:17:55,2024-05-11 19:23:55
2024-05-11,2024-05-11 19:35:09,2024-05-11 21:05:17
2024-05-12,2024-05-12 05:50:04,2024-05-12 06:05:05
2024-05-13,2024-05-13 09:42:17,2024-05-13 16:59:17
2024-05-14,2024-05-14 10:01:16,2024-05-14 11:07:24
2024-05-14,2024-05-14 11:39:30,2024-05-14 13:27:40
2024-05-14,2024-05-14 13:52:22,2024-05-14 14:58:33
2024-05-14,2024-05-14 15:25:20,2024-05-14 16:07:24
2024-05-15,2024-05-15 10:41:23,2024-05-15 17:16:55
2024-05-16,2024-05-16 11:07:36,2024-05-16 13:13:50
2024-05-16,2024-05-16 14:47:32,2024-05-16 15:32:35
2024-05-16,2024-05-16 22:51:41,2024-05-16 23:57:46
2024-05-17,2024-05-17 00:00:46,2024-05-17 01:42:57
2024-05-17,2024-05-17 10:34:31,2024-05-17 16:08:24
2024-05-18,2024-05-18 10:48:40,2024-05-18 12:33:56
2024-05-18,2024-05-18 13:16:24,2024-05-18 16:58:43
2024-05-18,2024-05-18 18:42:31,2024-05-18 19:39:40
2024-05-19,2024-05-19 11:06:55,2024-05-19 13:10:07
2024-05-19,2024-05-19 13:22:46,2024-05-19 15:52:58
2024-05-20,2024-05-20 07:46:48,2024-05-20 07:58:50
2024-05-20,2024-05-20 12:16:34,2024-05-20 14:22:46
2024-05-21,2024-05-21 11:25:57,2024-05-21 11:37:59
2024-05-21,2024-05-21 13:34:31,2024-05-21 17:11:52
2024-05-22,2024-05-22 06:15:43,2024-05-22 06:27:45
2024-05-22,2024-05-22 08:57:35,2024-05-22 12:58:00
2024-05-22,2024-05-22 19:18:24,2024-05-22 20:12:29
2024-05-23,2024-05-23 10:06:56,2024-05-23 10:06:56
2024-05-23,2024-05-23 10:28:46,2024-05-23 11:31:59
2024-05-23,2024-05-23 12:09:21,2024-05-23 12:45:41
2024-05-23,2024-05-23 13:31:25,2024-05-23 15:19:43
2024-05-23,2024-05-23 15:30:56,2024-05-23 15:30:56
2024-05-24,2024-05-24 09:44:45,2024-05-24 09:47:46
2024-05-24,2024-05-24 10:00:43,2024-05-24 12:55:03
2024-05-24,2024-05-24 14:29:59,2024-05-24 17:32:44
2024-05-24,2024-05-24 19:58:09,2024-05-24 21:43:25
2024-05-25,2024-05-25 09:26:34,2024-05-25 11:59:51
2024-05-26,2024-05-26 09:03:41,2024-05-26 15:18:53
2024-05-26,2024-05-26 15:30:43,2024-05-26 16:15:51
2024-05-26,2024-05-26 18:45:08,2024-05-26 19:36:17
2024-05-26,2024-05-26 20:04:56,2024-05-26 21:41:13
2024-05-27,2024-05-27 09:46:38,2024-05-27 11:26:02
2024-05-27,2024-05-27 11:59:46,2024-05-27 13:17:56
2024-05-27,2024-05-27 14:32:57,2024-05-27 14:51:03
2024-05-27,2024-05-27 15:15:16,2024-05-27 15:15:16
2024-05-28,2024-05-28 14:06:13,2024-05-28 15:41:51
2024-05-29,2024-05-29 01:22:31,2024-05-29 03:37:41
2024-05-29,2024-05-29 11:00:20,2024-05-29 11:45:25
2024-05-29,2024-05-29 11:57:20,2024-05-29 12:18:24
2024-05-30,2024-05-30 09:21:44,2024-05-30 12:13:09
2024-05-30,2024-05-30 14:39:40,2024-05-30 16:12:49
2024-05-30,2024-05-30 22:22:18,2024-05-30 22:40:20
2024-05-31,2024-05-31 07:53:10,2024-05-31 09:17:26
2024-05-31,2024-05-31 09:42:26,2024-05-31 12:54:52
2024-05-31,2024-05-31 13:28:56,2024-05-31 17:11:27
2024-06-01,2024-06-01 11:59:33,2024-06-01 12:52:25
2024-06-01,2024-06-01 14:07:37,2024-06-01 15:10:45
2024-06-01,2024-06-01 15:37:10,2024-06-01 17:16:26
2024-06-02,2024-06-02 11:17:12,2024-06-02 13:29:28
2024-06-04,2024-06-04 20:19:44,2024-06-04 21:40:55
2024-06-05,2024-06-05 14:06:34,2024-06-05 15:06:41
2024-06-05,2024-06-05 15:43:56,2024-06-05 16:41:03
2024-06-06,2024-06-06 18:28:11,2024-06-06 19:37:23
2024-06-06,2024-06-06 20:30:24,2024-06-06 22:16:15
2024-06-07,2024-06-07 08:48:54,2024-06-07 09:09:55
2024-06-07,2024-06-07 09:33:26,2024-06-07 10:39:37
2024-06-07,2024-06-07 10:58:04,2024-06-07 12:57:10
2024-06-07,2024-06-07 14:21:20,2024-06-07 16:18:34
2024-06-07,2024-06-07 16:46:35,2024-06-07 17:28:38
2024-06-07,2024-06-07 20:06:06,2024-06-07 20:06:06
2024-06-08,2024-06-08 11:07:20,2024-06-08 16:14:46
2024-06-09,2024-06-09 10:24:32,2024-06-09 10:57:37
2024-06-09,2024-06-09 11:10:33,2024-06-09 13:46:58
2024-06-09,2024-06-09 14:20:31,2024-06-09 16:11:46
2024-06-09,2024-06-09 20:03:34,2024-06-09 20:54:39
2024-06-10,2024-06-10 08:29:19,2024-06-10 08:32:19
2024-06-10,2024-06-10 08:46:57,2024-06-10 13:11:30
2024-06-11,2024-06-11 20:30:34,2024-06-11 21:48:42
2024-06-13,2024-06-13 12:08:51,2024-06-13 14:00:06
2024-06-13,2024-06-13 15:14:32,2024-06-13 16:14:39
2024-06-13,2024-06-13 21:27:02,2024-06-13 22:03:16
2024-06-14,2024-06-14 11:38:54,2024-06-14 12:08:56
2024-06-14,2024-06-14 14:07:38,2024-06-14 17:31:59
2024-06-14,2024-06-14 19:37:57,2024-06-14 21:35:16
2024-06-15,2024-06-15 09:25:29,2024-06-15 10:34:21
2024-06-15,2024-06-15 11:52:59,2024-06-15 12:56:12
2024-06-15,2024-06-15 15:12:29,2024-06-15 15:42:33
2024-06-15,2024-06-15 16:04:29,2024-06-15 16:07:29
2024-06-15,2024-06-15 16:30:41,2024-06-15 17:06:45
2024-06-15,2024-06-15 19:27:34,2024-06-15 20:24:42
2024-06-15,2024-06-15 21:23:39,2024-06-15 21:32:39
2024-06-16,2024-06-16 12:11:42,2024-06-16 12:44:46
2024-06-16,2024-06-16 13:03:52,2024-06-16 14:06:59
2024-06-16,2024-06-16 20:39:42,2024-06-16 20:57:44
2024-06-16,2024-06-16 22:58:08,2024-06-16 23:58:15
2024-06-17,2024-06-17 00:01:16,2024-06-17 00:19:18
2024-06-17,2024-06-17 11:00:05,2024-06-17 11:57:13
2024-06-18,2024-06-18 07:19:20,2024-06-18 07:22:20
2024-06-18,2024-06-18 20:28:54,2024-06-18 21:17:03
2024-06-18,2024-06-18 21:57:24,2024-06-18 22:42:32
2024-06-19,2024-06-19 09:43:42,2024-06-19 10:28:50
2024-06-19,2024-06-19 10:39:38,2024-06-19 10:39:38
2024-06-19,2024-06-19 12:25:05,2024-06-19 13:58:20
2024-06-19,2024-06-19 15:02:18,2024-06-19 15:23:21
2024-06-19,2024-06-19 15:33:39,2024-06-19 16:33:48
2024-06-19,2024-06-19 19:17:39,2024-06-19 22:05:58
2024-06-19,2024-06-19 22:39:04,2024-06-19 23:57:14
2024-06-20,2024-06-20 00:00:13,2024-06-20 01:12:29
2024-06-20,2024-06-20 10:19:08,2024-06-20 13:40:36
2024-06-20,2024-06-20 14:25:35,2024-06-20 16:29:04
2024-06-20,2024-06-20 19:33:32,2024-06-20 19:33:32
2024-06-21,2024-06-21 11:06:42,2024-06-21 13:09:59
2024-06-21,2024-06-21 14:44:08,2024-06-21 15:53:21
2024-06-21,2024-06-21 19:03:54,2024-06-21 20:04:02
2024-06-21,2024-06-21 21:31:08,2024-06-21 23:40:28
2024-06-22,2024-06-22 11:02:37,2024-06-22 12:35:49
2024-06-22,2024-06-22 13:07:01,2024-06-22 15:25:23
2024-06-22,2024-06-22 19:41:58,2024-06-22 20:30:05
2024-06-22,2024-06-22 20:55:01,2024-06-22 21:04:03
2024-06-22,2024-06-22 21:47:57,2024-06-22 22:18:01
2024-06-23,2024-06-23 12:00:47,2024-06-23 14:33:57
2024-06-23,2024-06-23 21:59:10,2024-06-23 22:14:12
2024-06-24,2024-06-24 09:03:32,2024-06-24 10:24:46
2024-06-24,2024-06-24 11:22:35,2024-06-24 12:52:46
2024-06-24,2024-06-24 13:48:23,2024-06-24 14:12:26
2024-06-24,2024-06-24 17:32:46,2024-06-24 17:41:48
2024-06-24,2024-06-24 23:14:36,2024-06-24 23:59:43
2024-06-25,2024-06-25 00:02:44,2024-06-25 00:17:46
2024-06-25,2024-06-25 11:42:09,2024-06-25 12:45:16
2024-06-25,2024-06-25 15:12:08,2024-06-25 16:27:20
2024-06-25,2024-06-25 20:32:00,2024-06-25 22:20:20
2024-06-27,2024-06-27 10:35:05,2024-06-27 11:02:07
2024-06-28,2024-06-28 06:05:13,2024-06-28 07:29:27
2024-06-28,2024-06-28 10:24:19,2024-06-28 13:16:40
2024-06-28,2024-06-28 13:51:23,2024-06-28 13:51:23
2024-06-28,2024-06-28 15:44:16,2024-06-28 16:41:24
2024-06-29,2024-06-29 09:58:23,2024-06-29 14:35:33
2024-06-29,2024-06-29 15:29:39,2024-06-29 17:50:53
2024-07-01,2024-07-01 09:02:31,2024-07-01 09:50:39
2024-07-01,2024-07-01 10:13:49,2024-07-01 11:45:13
2024-07-01,2024-07-01 12:18:22,2024-07-01 12:24:23
2024-07-01,2024-07-01 13:19:18,2024-07-01 14:59:54
2024-07-01,2024-07-01 15:28:44,2024-07-01 16:54:24
2024-07-01,2024-07-01 18:26:34,2024-07-01 20:58:20
2024-07-01,2024-07-01 22:08:13,2024-07-01 23:59:26
2024-07-02,2024-07-02 00:02:26,2024-07-02 00:56:32
2024-07-02,2024-07-02 11:24:10,2024-07-02 13:51:26
2024-07-02,2024-07-02 15:48:31,2024-07-02 16:39:35
2024-07-02,2024-07-02 22:27:55,2024-07-02 23:58:09
2024-07-03,2024-07-03 00:01:09,2024-07-03 02:05:25
2024-07-03,2024-07-03 10:38:52,2024-07-03 14:51:18
2024-07-04,2024-07-04 11:56:29,2024-07-04 13:05:40
2024-07-04,2024-07-04 20:36:17,2024-07-04 21:48:31
2024-07-04,2024-07-04 22:05:27,2024-07-04 23:58:16
2024-07-05,2024-07-05 00:01:16,2024-07-05 00:01:16
2024-07-05,2024-07-05 18:00:06,2024-07-05 19:51:25
2024-07-05,2024-07-05 21:35:49,2024-07-05 23:57:04
2024-07-06,2024-07-06 11:59:15,2024-07-06 12:02:16
2024-07-06,2024-07-06 12:18:07,2024-07-06 16:27:33
2024-07-07,2024-07-07 14:52:45,2024-07-07 16:17:31
2024-07-07,2024-07-07 19:36:44,2024-07-07 21:18:54
2024-07-07,2024-07-07 22:09:37,2024-07-07 22:39:40
2024-07-08,2024-07-08 10:26:18,2024-07-08 11:26:26
2024-07-08,2024-07-08 11:37:09,2024-07-08 11:43:10
2024-07-08,2024-07-08 12:41:46,2024-07-08 13:05:50
2024-07-08,2024-07-08 14:02:01,2024-07-08 14:38:04
2024-07-08,2024-07-08 22:53:53,2024-07-08 23:57:03
2024-07-09,2024-07-09 00:00:03,2024-07-09 01:45:21
2024-07-09,2024-07-09 10:22:53,2024-07-09 12:05:10
2024-07-09,2024-07-09 12:51:20,2024-07-09 16:00:42
2024-07-09,2024-07-09 20:32:41,2024-07-09 21:26:47
2024-07-10,2024-07-10 09:50:25,2024-07-10 10:47:34
2024-07-10,2024-07-10 11:16:34,2024-07-10 14:32:56
2024-07-10,2024-07-10 15:23:39,2024-07-10 17:18:06
2024-07-10,2024-07-10 18:15:10,2024-07-10 19:03:17
2024-07-10,2024-07-10 19:16:43,2024-07-10 19:28:44
2024-07-10,2024-07-10 20:35:17,2024-07-10 21:11:21
2024-07-10,2024-07-10 21:27:00,2024-07-10 22:15:06
2024-07-11,2024-07-11 11:20:43,2024-07-11 15:05:26
2024-07-11,2024-07-11 15:21:44,2024-07-11 15:39:46
2024-07-11,2024-07-11 19:58:24,2024-07-11 21:55:47
2024-07-11,2024-07-11 22:17:36,2024-07-11 22:17:36
2024-07-12,2024-07-12 10:55:45,2024-07-12 11:58:57
2024-07-12,2024-07-12 12:27:21,2024-07-12 13:00:25
2024-07-12,2024-07-12 18:15:29,2024-07-12 20:06:42
2024-07-12,2024-07-12 20:42:35,2024-07-12 21:18:41
2024-07-13,2024-07-13 06:58:04,2024-07-13 09:19:21
2024-07-13,2024-07-13 11:44:01,2024-07-13 11:53:01
2024-07-13,2024-07-13 13:36:50,2024-07-13 14:15:53
2024-07-13,2024-07-13 18:38:17,2024-07-13 18:53:19
2024-07-13,2024-07-13 19:37:14,2024-07-13 21:56:42
2024-07-13,2024-07-13 23:59:01,2024-07-13 23:59:01
2024-07-14,2024-07-14 00:02:01,2024-07-14 01:05:11
2024-07-14,2024-07-14 13:00:33,2024-07-14 14:54:45
2024-07-14,2024-07-14 18:27:46,2024-07-14 19:15:53
2024-07-15,2024-07-15 04:45:22,2024-07-15 06:12:38
2024-07-15,2024-07-15 11:35:11,2024-07-15 13:17:26
2024-07-15,2024-07-15 13:45:59,2024-07-15 15:35:54
2024-07-15,2024-07-15 16:18:24,2024-07-15 16:36:25
2024-07-15,2024-07-15 18:32:25,2024-07-15 19:38:34
2024-07-16,2024-07-16 04:38:17,2024-07-16 04:38:17
2024-07-16,2024-07-16 04:48:18,2024-07-16 06:09:29
2024-07-16,2024-07-16 06:47:44,2024-07-16 07:14:47
2024-07-16,2024-07-16 07:30:58,2024-07-16 08:10:02
2024-07-16,2024-07-16 09:06:43,2024-07-16 10:31:00
2024-07-16,2024-07-16 11:14:09,2024-07-16 17:38:54
2024-07-16,2024-07-16 18:45:39,2024-07-16 20:27:53
2024-07-17,2024-07-17 04:13:09,2024-07-17 05:49:25
2024-07-17,2024-07-17 19:11:42,2024-07-17 21:26:56
2024-07-17,2024-07-17 22:16:29,2024-07-17 23:37:41
2024-07-18,2024-07-18 03:37:28,2024-07-18 05:22:44
2024-07-18,2024-07-18 09:00:22,2024-07-18 09:12:24
2024-07-18,2024-07-18 21:20:14,2024-07-18 21:56:17
2024-07-19,2024-07-19 10:19:42,2024-07-19 10:46:48
2024-07-19,2024-07-19 11:21:23,2024-07-19 15:42:59
2024-07-19,2024-07-19 19:36:51,2024-07-19 20:06:55
2024-07-19,2024-07-19 22:03:25,2024-07-19 22:15:31
2024-07-19,2024-07-19 22:26:37,2024-07-19 22:53:39
2024-07-20,2024-07-20 07:46:35,2024-07-20 07:58:36
2024-07-20,2024-07-20 12:45:12,2024-07-20 14:51:12
2024-07-20,2024-07-20 16:07:36,2024-07-20 18:40:58
2024-07-21,2024-07-21 20:12:42,2024-07-21 20:30:45
2024-07-22,2024-07-22 10:34:57,2024-07-22 13:01:02
2024-07-22,2024-07-22 14:18:22,2024-07-22 14:18:22
2024-07-22,2024-07-22 23:14:43,2024-07-22 23:59:50
2024-07-23,2024-07-23 00:02:50,2024-07-23 00:29:55
2024-07-23,2024-07-23 12:18:46,2024-07-23 14:40:13
2024-07-23,2024-07-23 14:57:05,2024-07-23 15:09:06
2024-07-23,2024-07-23 17:03:14,2024-07-23 17:15:15
2024-07-24,2024-07-24 11:11:15,2024-07-24 11:11:15
2024-07-24,2024-07-24 11:21:46,2024-07-24 13:19:03
2024-07-25,2024-07-25 11:12:51,2024-07-25 11:15:51
2024-07-25,2024-07-25 11:29:15,2024-07-25 13:17:27
2024-07-26,2024-07-26 11:40:15,2024-07-26 12:49:22
2024-07-27,2024-07-27 14:07:38,2024-07-27 14:07:38
2024-07-27,2024-07-27 14:18:09,2024-07-27 15:27:23
2024-07-28,2024-07-28 11:49:05,2024-07-28 14:04:26
2024-07-28,2024-07-28 15:16:49,2024-07-28 16:16:55
2024-07-28,2024-07-28 19:15:16,2024-07-28 21:53:07
2024-07-28,2024-07-28 23:16:21,2024-07-28 23:58:28
2024-07-29,2024-07-29 00:01:29,2024-07-29 00:49:35
2024-07-29,2024-07-29 10:55:55,2024-07-29 11:01:55
2024-07-29,2024-07-29 11:58:51,2024-07-29 13:11:00
2024-07-29,2024-07-29 14:37:45,2024-07-29 15:31:50
2024-07-29,2024-07-29 15:48:53,2024-07-29 16:37:05
2024-07-30,2024-07-30 07:13:16,2024-07-30 08:12:05
2024-07-30,2024-07-30 10:20:37,2024-07-30 10:23:37
2024-07-30,2024-07-30 10:36:48,2024-07-30 11:54:58
2024-07-30,2024-07-30 12:11:34,2024-07-30 13:38:46
2024-07-30,2024-07-30 13:56:36,2024-07-30 15:20:49
2024-07-30,2024-07-30 15:32:53,2024-07-30 17:15:05
2024-07-31,2024-07-31 09:27:27,2024-07-31 14:01:14
2024-07-31,2024-07-31 14:26:46,2024-07-31 16:06:11
2024-07-31,2024-07-31 16:30:32,2024-07-31 18:06:46
2024-08-01,2024-08-01 08:49:20,2024-08-01 11:34:53
2024-08-01,2024-08-01 11:49:11,2024-08-01 15:34:41
2024-08-01,2024-08-01 16:07:19,2024-08-01 18:37:37
2024-08-02,2024-08-02 08:59:14,2024-08-02 09:02:14
2024-08-02,2024-08-02 09:22:07,2024-08-02 14:10:50
2024-08-02,2024-08-02 14:28:23,2024-08-02 16:25:46
2024-08-03,2024-08-03 08:54:26,2024-08-03 12:48:55
2024-08-03,2024-08-03 13:22:48,2024-08-03 16:32:02
2024-08-04,2024-08-04 12:10:18,2024-08-04 13:31:48
2024-08-04,2024-08-04 14:09:24,2024-08-04 15:06:31
2024-08-04,2024-08-04 16:32:59,2024-08-04 18:39:18
2024-08-05,2024-08-05 10:24:54,2024-08-05 14:01:23
2024-08-05,2024-08-05 14:32:47,2024-08-05 16:34:14
2024-08-06,2024-08-06 08:36:28,2024-08-06 10:24:41
2024-08-06,2024-08-06 11:37:35,2024-08-06 13:40:50
2024-08-06,2024-08-06 20:50:07,2024-08-06 23:32:30
2024-08-08,2024-08-08 11:32:45,2024-08-08 14:09:04
2024-08-09,2024-08-09 11:13:10,2024-08-09 12:16:17
2024-08-09,2024-08-09 13:16:13,2024-08-09 13:19:15
2024-08-09,2024-08-09 15:44:06,2024-08-09 17:47:16
2024-08-10,2024-08-10 10:30:56,2024-08-10 14:25:31
2024-08-10,2024-08-10 15:20:33,2024-08-10 16:20:41
2024-08-10,2024-08-10 17:04:08,2024-08-10 17:25:10
2024-08-11,2024-08-11 12:42:42,2024-08-11 12:45:43
2024-08-11,2024-08-11 13:03:06,2024-08-11 15:39:23
2024-08-12,2024-08-12 18:14:14,2024-08-12 20:30:39
2024-08-13,2024-08-13 09:25:50,2024-08-13 13:38:18
2024-08-13,2024-08-13 20:33:48,2024-08-13 22:07:00
2024-08-14,2024-08-14 10:15:50,2024-08-14 18:33:33
2024-08-15,2024-08-15 11:20:58,2024-08-15 14:33:38
2024-08-15,2024-08-15 14:44:24,2024-08-15 16:29:40
2024-08-15,2024-08-15 17:09:27,2024-08-15 17:12:28
2024-08-16,2024-08-16 10:22:01,2024-08-16 11:01:06
2024-08-16,2024-08-16 11:26:40,2024-08-16 13:12:00
2024-08-16,2024-08-16 15:30:44,2024-08-16 16:21:52
2024-08-16,2024-08-16 16:39:56,2024-08-16 17:28:02
2024-08-17,2024-08-17 10:11:05,2024-08-17 11:44:31
2024-08-17,2024-08-17 12:08:03,2024-08-17 14:35:14
2024-08-17,2024-08-17 15:34:43,2024-08-17 16:25:48
2024-08-17,2024-08-17 19:46:59,2024-08-17 21:11:12
2024-08-17,2024-08-17 21:48:16,2024-08-17 22:57:29
2024-08-18,2024-08-18 09:48:55,2024-08-18 13:34:28
2024-08-18,2024-08-18 14:36:40,2024-08-18 17:01:01
2024-08-20,2024-08-20 06:56:56,2024-08-20 07:02:57
2024-08-20,2024-08-20 18:41:04,2024-08-20 19:05:11
2024-08-20,2024-08-20 20:34:48,2024-08-20 21:49:53
2024-08-21,2024-08-21 06:05:07,2024-08-21 06:05:07
2024-08-21,2024-08-21 19:59:39,2024-08-21 21:42:14
2024-08-22,2024-08-22 07:13:06,2024-08-22 08:22:21
2024-08-22,2024-08-22 09:07:27,2024-08-22 11:01:43
2024-08-22,2024-08-22 11:53:22,2024-08-22 11:53:22
2024-08-22,2024-08-22 21:33:46,2024-08-22 23:58:05
2024-08-23,2024-08-23 00:01:06,2024-08-23 00:04:06
